year,level,course,sex,enrolment_secondary
1980,Secondary 1,Express,MF,45489
1980,Secondary 1,Express,F,22509
1980,Secondary 1,Normal (Acad),MF,0
1980,Secondary 1,Normal (Acad),F,0
1980,Secondary 1,Normal (Tech),MF,0
1980,Secondary 1,Normal (Tech),F,0
1980,Secondary 1,Special,MF,1511
1980,Secondary 1,Special,F,800
1980,Secondary 2,Express,MF,39068
1980,Secondary 2,Express,F,19765
1980,Secondary 2,Normal (Acad),MF,0
1980,Secondary 2,Normal (Acad),F,0
1980,Secondary 2,Normal (Tech),MF,0
1980,Secondary 2,Normal (Tech),F,0
1980,Secondary 2,Special,MF,1737
1980,Secondary 2,Special,F,978
1980,Secondary 3,Express,MF,34803
1980,Secondary 3,Express,F,17860
1980,Secondary 3,Normal (Acad),MF,0
1980,Secondary 3,Normal (Acad),F,0
1980,Secondary 3,Normal (Tech),MF,0
1980,Secondary 3,Normal (Tech),F,0
1980,Secondary 3,Special,MF,0
1980,Secondary 3,Special,F,0
1980,Secondary 4,Express,MF,32925
1980,Secondary 4,Express,F,16856
1980,Secondary 4,Normal (Acad),MF,0
1980,Secondary 4,Normal (Acad),F,0
1980,Secondary 4,Normal (Tech),MF,0
1980,Secondary 4,Normal (Tech),F,0
1980,Secondary 4,Special,MF,0
1980,Secondary 4,Special,F,0
1980,Secondary 5,Normal (Acad),MF,0
1980,Secondary 5,Normal (Acad),F,0
1981,Secondary 1,Express,MF,29691
1981,Secondary 1,Express,F,15280
1981,Secondary 1,Normal (Acad),MF,16278
1981,Secondary 1,Normal (Acad),F,7245
1981,Secondary 1,Normal (Tech),MF,0
1981,Secondary 1,Normal (Tech),F,0
1981,Secondary 1,Special,MF,1616
1981,Secondary 1,Special,F,854
1981,Secondary 2,Express,MF,38149
1981,Secondary 2,Express,F,19255
1981,Secondary 2,Normal (Acad),MF,0
1981,Secondary 2,Normal (Acad),F,0
1981,Secondary 2,Normal (Tech),MF,0
1981,Secondary 2,Normal (Tech),F,0
1981,Secondary 2,Special,MF,1561
1981,Secondary 2,Special,F,825
1981,Secondary 3,Express,MF,34523
1981,Secondary 3,Express,F,17663
1981,Secondary 3,Normal (Acad),MF,0
1981,Secondary 3,Normal (Acad),F,0
1981,Secondary 3,Normal (Tech),MF,0
1981,Secondary 3,Normal (Tech),F,0
1981,Secondary 3,Special,MF,1558
1981,Secondary 3,Special,F,832
1981,Secondary 4,Express,MF,33931
1981,Secondary 4,Express,F,17144
1981,Secondary 4,Normal (Acad),MF,0
1981,Secondary 4,Normal (Acad),F,0
1981,Secondary 4,Normal (Tech),MF,0
1981,Secondary 4,Normal (Tech),F,0
1981,Secondary 4,Special,MF,0
1981,Secondary 4,Special,F,0
1981,Secondary 5,Normal (Acad),MF,0
1981,Secondary 5,Normal (Acad),F,0
1982,Secondary 1,Express,MF,18759
1982,Secondary 1,Express,F,9874
1982,Secondary 1,Normal (Acad),MF,18893
1982,Secondary 1,Normal (Acad),F,8759
1982,Secondary 1,Normal (Tech),MF,0
1982,Secondary 1,Normal (Tech),F,0
1982,Secondary 1,Special,MF,1345
1982,Secondary 1,Special,F,741
1982,Secondary 2,Express,MF,30588
1982,Secondary 2,Express,F,15730
1982,Secondary 2,Normal (Acad),MF,12741
1982,Secondary 2,Normal (Acad),F,5811
1982,Secondary 2,Normal (Tech),MF,0
1982,Secondary 2,Normal (Tech),F,0
1982,Secondary 2,Special,MF,1680
1982,Secondary 2,Special,F,860
1982,Secondary 3,Express,MF,35375
1982,Secondary 3,Express,F,17933
1982,Secondary 3,Normal (Acad),MF,0
1982,Secondary 3,Normal (Acad),F,0
1982,Secondary 3,Normal (Tech),MF,0
1982,Secondary 3,Normal (Tech),F,0
1982,Secondary 3,Special,MF,1620
1982,Secondary 3,Special,F,855
1982,Secondary 4,Express,MF,33938
1982,Secondary 4,Express,F,17253
1982,Secondary 4,Normal (Acad),MF,0
1982,Secondary 4,Normal (Acad),F,0
1982,Secondary 4,Normal (Tech),MF,0
1982,Secondary 4,Normal (Tech),F,0
1982,Secondary 4,Special,MF,1474
1982,Secondary 4,Special,F,784
1982,Secondary 5,Normal (Acad),MF,0
1982,Secondary 5,Normal (Acad),F,0
1983,Secondary 1,Express,MF,21007
1983,Secondary 1,Express,F,11045
1983,Secondary 1,Normal (Acad),MF,15445
1983,Secondary 1,Normal (Acad),F,6967
1983,Secondary 1,Normal (Tech),MF,0
1983,Secondary 1,Normal (Tech),F,0
1983,Secondary 1,Special,MF,1194
1983,Secondary 1,Special,F,652
1983,Secondary 2,Express,MF,19130
1983,Secondary 2,Express,F,9987
1983,Secondary 2,Normal (Acad),MF,17950
1983,Secondary 2,Normal (Acad),F,8470
1983,Secondary 2,Normal (Tech),MF,0
1983,Secondary 2,Normal (Tech),F,0
1983,Secondary 2,Special,MF,1422
1983,Secondary 2,Special,F,754
1983,Secondary 3,Express,MF,29852
1983,Secondary 3,Express,F,15382
1983,Secondary 3,Normal (Acad),MF,13867
1983,Secondary 3,Normal (Acad),F,6420
1983,Secondary 3,Normal (Tech),MF,0
1983,Secondary 3,Normal (Tech),F,0
1983,Secondary 3,Special,MF,1814
1983,Secondary 3,Special,F,922
1983,Secondary 4,Express,MF,38023
1983,Secondary 4,Express,F,19044
1983,Secondary 4,Normal (Acad),MF,0
1983,Secondary 4,Normal (Acad),F,0
1983,Secondary 4,Normal (Tech),MF,0
1983,Secondary 4,Normal (Tech),F,0
1983,Secondary 4,Special,MF,1559
1983,Secondary 4,Special,F,815
1983,Secondary 5,Normal (Acad),MF,0
1983,Secondary 5,Normal (Acad),F,0
1984,Secondary 1,Express,MF,21287
1984,Secondary 1,Express,F,11005
1984,Secondary 1,Normal (Acad),MF,14599
1984,Secondary 1,Normal (Acad),F,6866
1984,Secondary 1,Normal (Tech),MF,0
1984,Secondary 1,Normal (Tech),F,0
1984,Secondary 1,Special,MF,1675
1984,Secondary 1,Special,F,899
1984,Secondary 2,Express,MF,22583
1984,Secondary 2,Express,F,11650
1984,Secondary 2,Normal (Acad),MF,14481
1984,Secondary 2,Normal (Acad),F,6646
1984,Secondary 2,Normal (Tech),MF,0
1984,Secondary 2,Normal (Tech),F,0
1984,Secondary 2,Special,MF,1316
1984,Secondary 2,Special,F,690
1984,Secondary 3,Express,MF,20551
1984,Secondary 3,Express,F,10557
1984,Secondary 3,Normal (Acad),MF,16954
1984,Secondary 3,Normal (Acad),F,8150
1984,Secondary 3,Normal (Tech),MF,0
1984,Secondary 3,Normal (Tech),F,0
1984,Secondary 3,Special,MF,1481
1984,Secondary 3,Special,F,790
1984,Secondary 4,Express,MF,33352
1984,Secondary 4,Express,F,17125
1984,Secondary 4,Normal (Acad),MF,14325
1984,Secondary 4,Normal (Acad),F,6651
1984,Secondary 4,Normal (Tech),MF,0
1984,Secondary 4,Normal (Tech),F,0
1984,Secondary 4,Special,MF,1770
1984,Secondary 4,Special,F,895
1984,Secondary 5,Normal (Acad),MF,0
1984,Secondary 5,Normal (Acad),F,0
1985,Secondary 1,Express,MF,24284
1985,Secondary 1,Express,F,12287
1985,Secondary 1,Normal (Acad),MF,15793
1985,Secondary 1,Normal (Acad),F,7420
1985,Secondary 1,Normal (Tech),MF,0
1985,Secondary 1,Normal (Tech),F,0
1985,Secondary 1,Special,MF,2120
1985,Secondary 1,Special,F,1109
1985,Secondary 2,Express,MF,22307
1985,Secondary 2,Express,F,11391
1985,Secondary 2,Normal (Acad),MF,13352
1985,Secondary 2,Normal (Acad),F,6381
1985,Secondary 2,Normal (Tech),MF,0
1985,Secondary 2,Normal (Tech),F,0
1985,Secondary 2,Special,MF,1757
1985,Secondary 2,Special,F,955
1985,Secondary 3,Express,MF,22923
1985,Secondary 3,Express,F,11807
1985,Secondary 3,Normal (Acad),MF,13930
1985,Secondary 3,Normal (Acad),F,6495
1985,Secondary 3,Normal (Tech),MF,0
1985,Secondary 3,Normal (Tech),F,0
1985,Secondary 3,Special,MF,1316
1985,Secondary 3,Special,F,692
1985,Secondary 4,Express,MF,23821
1985,Secondary 4,Express,F,12194
1985,Secondary 4,Normal (Acad),MF,16593
1985,Secondary 4,Normal (Acad),F,8183
1985,Secondary 4,Normal (Tech),MF,0
1985,Secondary 4,Normal (Tech),F,0
1985,Secondary 4,Special,MF,1454
1985,Secondary 4,Special,F,777
1985,Secondary 5,Normal (Acad),MF,3940
1985,Secondary 5,Normal (Acad),F,1846
1986,Secondary 1,Express,MF,23398
1986,Secondary 1,Express,F,11701
1986,Secondary 1,Normal (Acad),MF,15670
1986,Secondary 1,Normal (Acad),F,7264
1986,Secondary 1,Normal (Tech),MF,0
1986,Secondary 1,Normal (Tech),F,0
1986,Secondary 1,Special,MF,2183
1986,Secondary 1,Special,F,1030
1986,Secondary 2,Express,MF,25106
1986,Secondary 2,Express,F,12618
1986,Secondary 2,Normal (Acad),MF,14561
1986,Secondary 2,Normal (Acad),F,6917
1986,Secondary 2,Normal (Tech),MF,0
1986,Secondary 2,Normal (Tech),F,0
1986,Secondary 2,Special,MF,2190
1986,Secondary 2,Special,F,1138
1986,Secondary 3,Express,MF,22816
1986,Secondary 3,Express,F,11641
1986,Secondary 3,Normal (Acad),MF,12836
1986,Secondary 3,Normal (Acad),F,6199
1986,Secondary 3,Normal (Tech),MF,0
1986,Secondary 3,Normal (Tech),F,0
1986,Secondary 3,Special,MF,1807
1986,Secondary 3,Special,F,977
1986,Secondary 4,Express,MF,24330
1986,Secondary 4,Express,F,12613
1986,Secondary 4,Normal (Acad),MF,14116
1986,Secondary 4,Normal (Acad),F,6623
1986,Secondary 4,Normal (Tech),MF,0
1986,Secondary 4,Normal (Tech),F,0
1986,Secondary 4,Special,MF,1305
1986,Secondary 4,Special,F,690
1986,Secondary 5,Normal (Acad),MF,13220
1986,Secondary 5,Normal (Acad),F,6525
1987,Secondary 1,Express,MF,22370
1987,Secondary 1,Express,F,11061
1987,Secondary 1,Normal (Acad),MF,14448
1987,Secondary 1,Normal (Acad),F,6787
1987,Secondary 1,Normal (Tech),MF,0
1987,Secondary 1,Normal (Tech),F,0
1987,Secondary 1,Special,MF,2169
1987,Secondary 1,Special,F,1056
1987,Secondary 2,Express,MF,24238
1987,Secondary 2,Express,F,12155
1987,Secondary 2,Normal (Acad),MF,14396
1987,Secondary 2,Normal (Acad),F,6669
1987,Secondary 2,Normal (Tech),MF,0
1987,Secondary 2,Normal (Tech),F,0
1987,Secondary 2,Special,MF,2203
1987,Secondary 2,Special,F,1044
1987,Secondary 3,Express,MF,25340
1987,Secondary 3,Express,F,12757
1987,Secondary 3,Normal (Acad),MF,14194
1987,Secondary 3,Normal (Acad),F,6769
1987,Secondary 3,Normal (Tech),MF,0
1987,Secondary 3,Normal (Tech),F,0
1987,Secondary 3,Special,MF,2194
1987,Secondary 3,Special,F,1145
1987,Secondary 4,Express,MF,24134
1987,Secondary 4,Express,F,12323
1987,Secondary 4,Normal (Acad),MF,12985
1987,Secondary 4,Normal (Acad),F,6313
1987,Secondary 4,Normal (Tech),MF,0
1987,Secondary 4,Normal (Tech),F,0
1987,Secondary 4,Special,MF,1791
1987,Secondary 4,Special,F,973
1987,Secondary 5,Normal (Acad),MF,11155
1987,Secondary 5,Normal (Acad),F,5328
1988,Secondary 1,Express,MF,20599
1988,Secondary 1,Express,F,10145
1988,Secondary 1,Normal (Acad),MF,13916
1988,Secondary 1,Normal (Acad),F,6612
1988,Secondary 1,Normal (Tech),MF,0
1988,Secondary 1,Normal (Tech),F,0
1988,Secondary 1,Special,MF,2205
1988,Secondary 1,Special,F,1083
1988,Secondary 2,Express,MF,23144
1988,Secondary 2,Express,F,11564
1988,Secondary 2,Normal (Acad),MF,13462
1988,Secondary 2,Normal (Acad),F,6238
1988,Secondary 2,Normal (Tech),MF,0
1988,Secondary 2,Normal (Tech),F,0
1988,Secondary 2,Special,MF,2197
1988,Secondary 2,Special,F,1078
1988,Secondary 3,Express,MF,24656
1988,Secondary 3,Express,F,12363
1988,Secondary 3,Normal (Acad),MF,13840
1988,Secondary 3,Normal (Acad),F,6453
1988,Secondary 3,Normal (Tech),MF,0
1988,Secondary 3,Normal (Tech),F,0
1988,Secondary 3,Special,MF,2234
1988,Secondary 3,Special,F,1068
1988,Secondary 4,Express,MF,25393
1988,Secondary 4,Express,F,12872
1988,Secondary 4,Normal (Acad),MF,13949
1988,Secondary 4,Normal (Acad),F,6730
1988,Secondary 4,Normal (Tech),MF,0
1988,Secondary 4,Normal (Tech),F,0
1988,Secondary 4,Special,MF,2159
1988,Secondary 4,Special,F,1133
1988,Secondary 5,Normal (Acad),MF,10349
1988,Secondary 5,Normal (Acad),F,5096
1989,Secondary 1,Express,MF,21385
1989,Secondary 1,Express,F,10537
1989,Secondary 1,Normal (Acad),MF,14419
1989,Secondary 1,Normal (Acad),F,6740
1989,Secondary 1,Normal (Tech),MF,0
1989,Secondary 1,Normal (Tech),F,0
1989,Secondary 1,Special,MF,2227
1989,Secondary 1,Special,F,1120
1989,Secondary 2,Express,MF,21256
1989,Secondary 2,Express,F,10599
1989,Secondary 2,Normal (Acad),MF,12939
1989,Secondary 2,Normal (Acad),F,6056
1989,Secondary 2,Normal (Tech),MF,0
1989,Secondary 2,Normal (Tech),F,0
1989,Secondary 2,Special,MF,2185
1989,Secondary 2,Special,F,1064
1989,Secondary 3,Express,MF,23453
1989,Secondary 3,Express,F,11730
1989,Secondary 3,Normal (Acad),MF,13204
1989,Secondary 3,Normal (Acad),F,6153
1989,Secondary 3,Normal (Tech),MF,0
1989,Secondary 3,Normal (Tech),F,0
1989,Secondary 3,Special,MF,2192
1989,Secondary 3,Special,F,1079
1989,Secondary 4,Express,MF,25141
1989,Secondary 4,Express,F,12708
1989,Secondary 4,Normal (Acad),MF,13762
1989,Secondary 4,Normal (Acad),F,6531
1989,Secondary 4,Normal (Tech),MF,0
1989,Secondary 4,Normal (Tech),F,0
1989,Secondary 4,Special,MF,2204
1989,Secondary 4,Special,F,1054
1989,Secondary 5,Normal (Acad),MF,11462
1989,Secondary 5,Normal (Acad),F,5662
1990,Secondary 1,Express,MF,20113
1990,Secondary 1,Express,F,10027
1990,Secondary 1,Normal (Acad),MF,13292
1990,Secondary 1,Normal (Acad),F,6279
1990,Secondary 1,Normal (Tech),MF,0
1990,Secondary 1,Normal (Tech),F,0
1990,Secondary 1,Special,MF,2354
1990,Secondary 1,Special,F,1133
1990,Secondary 2,Express,MF,22336
1990,Secondary 2,Express,F,11114
1990,Secondary 2,Normal (Acad),MF,13167
1990,Secondary 2,Normal (Acad),F,6093
1990,Secondary 2,Normal (Tech),MF,0
1990,Secondary 2,Normal (Tech),F,0
1990,Secondary 2,Special,MF,2278
1990,Secondary 2,Special,F,1134
1990,Secondary 3,Express,MF,21503
1990,Secondary 3,Express,F,10790
1990,Secondary 3,Normal (Acad),MF,12623
1990,Secondary 3,Normal (Acad),F,5897
1990,Secondary 3,Normal (Tech),MF,0
1990,Secondary 3,Normal (Tech),F,0
1990,Secondary 3,Special,MF,2228
1990,Secondary 3,Special,F,1092
1990,Secondary 4,Express,MF,23733
1990,Secondary 4,Express,F,11890
1990,Secondary 4,Normal (Acad),MF,13197
1990,Secondary 4,Normal (Acad),F,6249
1990,Secondary 4,Normal (Tech),MF,0
1990,Secondary 4,Normal (Tech),F,0
1990,Secondary 4,Special,MF,2167
1990,Secondary 4,Special,F,1071
1990,Secondary 5,Normal (Acad),MF,11551
1990,Secondary 5,Normal (Acad),F,5662
1991,Secondary 1,Express,MF,19218
1991,Secondary 1,Express,F,9646
1991,Secondary 1,Normal (Acad),MF,13559
1991,Secondary 1,Normal (Acad),F,6332
1991,Secondary 1,Normal (Tech),MF,0
1991,Secondary 1,Normal (Tech),F,0
1991,Secondary 1,Special,MF,2384
1991,Secondary 1,Special,F,1109
1991,Secondary 2,Express,MF,20686
1991,Secondary 2,Express,F,10456
1991,Secondary 2,Normal (Acad),MF,12542
1991,Secondary 2,Normal (Acad),F,5844
1991,Secondary 2,Normal (Tech),MF,0
1991,Secondary 2,Normal (Tech),F,0
1991,Secondary 2,Special,MF,2441
1991,Secondary 2,Special,F,1174
1991,Secondary 3,Express,MF,22718
1991,Secondary 3,Express,F,11363
1991,Secondary 3,Normal (Acad),MF,12964
1991,Secondary 3,Normal (Acad),F,5964
1991,Secondary 3,Normal (Tech),MF,0
1991,Secondary 3,Normal (Tech),F,0
1991,Secondary 3,Special,MF,2354
1991,Secondary 3,Special,F,1154
1991,Secondary 4,Express,MF,22035
1991,Secondary 4,Express,F,11051
1991,Secondary 4,Normal (Acad),MF,12306
1991,Secondary 4,Normal (Acad),F,5858
1991,Secondary 4,Normal (Tech),MF,0
1991,Secondary 4,Normal (Tech),F,0
1991,Secondary 4,Special,MF,2213
1991,Secondary 4,Special,F,1089
1991,Secondary 5,Normal (Acad),MF,11326
1991,Secondary 5,Normal (Acad),F,5545
1992,Secondary 1,Express,MF,19989
1992,Secondary 1,Express,F,9947
1992,Secondary 1,Normal (Acad),MF,13997
1992,Secondary 1,Normal (Acad),F,6430
1992,Secondary 1,Normal (Tech),MF,0
1992,Secondary 1,Normal (Tech),F,0
1992,Secondary 1,Special,MF,2519
1992,Secondary 1,Special,F,1178
1992,Secondary 2,Express,MF,20521
1992,Secondary 2,Express,F,10514
1992,Secondary 2,Normal (Acad),MF,12240
1992,Secondary 2,Normal (Acad),F,5517
1992,Secondary 2,Normal (Tech),MF,0
1992,Secondary 2,Normal (Tech),F,0
1992,Secondary 2,Special,MF,2424
1992,Secondary 2,Special,F,1119
1992,Secondary 3,Express,MF,20995
1992,Secondary 3,Express,F,10653
1992,Secondary 3,Normal (Acad),MF,12222
1992,Secondary 3,Normal (Acad),F,5670
1992,Secondary 3,Normal (Tech),MF,0
1992,Secondary 3,Normal (Tech),F,0
1992,Secondary 3,Special,MF,2550
1992,Secondary 3,Special,F,1201
1992,Secondary 4,Express,MF,22807
1992,Secondary 4,Express,F,11433
1992,Secondary 4,Normal (Acad),MF,12761
1992,Secondary 4,Normal (Acad),F,5942
1992,Secondary 4,Normal (Tech),MF,0
1992,Secondary 4,Normal (Tech),F,0
1992,Secondary 4,Special,MF,2316
1992,Secondary 4,Special,F,1136
1992,Secondary 5,Normal (Acad),MF,10491
1992,Secondary 5,Normal (Acad),F,5061
1993,Secondary 1,Express,MF,20729
1993,Secondary 1,Express,F,10685
1993,Secondary 1,Normal (Acad),MF,13212
1993,Secondary 1,Normal (Acad),F,6124
1993,Secondary 1,Normal (Tech),MF,0
1993,Secondary 1,Normal (Tech),F,0
1993,Secondary 1,Special,MF,2739
1993,Secondary 1,Special,F,1320
1993,Secondary 2,Express,MF,20716
1993,Secondary 2,Express,F,10460
1993,Secondary 2,Normal (Acad),MF,13038
1993,Secondary 2,Normal (Acad),F,5822
1993,Secondary 2,Normal (Tech),MF,0
1993,Secondary 2,Normal (Tech),F,0
1993,Secondary 2,Special,MF,2682
1993,Secondary 2,Special,F,1280
1993,Secondary 3,Express,MF,21020
1993,Secondary 3,Express,F,10769
1993,Secondary 3,Normal (Acad),MF,12193
1993,Secondary 3,Normal (Acad),F,5440
1993,Secondary 3,Normal (Tech),MF,0
1993,Secondary 3,Normal (Tech),F,0
1993,Secondary 3,Special,MF,2515
1993,Secondary 3,Special,F,1153
1993,Secondary 4,Express,MF,20877
1993,Secondary 4,Express,F,10636
1993,Secondary 4,Normal (Acad),MF,11847
1993,Secondary 4,Normal (Acad),F,5621
1993,Secondary 4,Normal (Tech),MF,0
1993,Secondary 4,Normal (Tech),F,0
1993,Secondary 4,Special,MF,2582
1993,Secondary 4,Special,F,1210
1993,Secondary 5,Normal (Acad),MF,11146
1993,Secondary 5,Normal (Acad),F,5257
1994,Secondary 1,Express,MF,25265
1994,Secondary 1,Express,F,12828
1994,Secondary 1,Normal (Acad),MF,17063
1994,Secondary 1,Normal (Acad),F,7713
1994,Secondary 1,Normal (Tech),MF,8588
1994,Secondary 1,Normal (Tech),F,3113
1994,Secondary 1,Special,MF,3671
1994,Secondary 1,Special,F,1891
1994,Secondary 2,Express,MF,21433
1994,Secondary 2,Express,F,11113
1994,Secondary 2,Normal (Acad),MF,12470
1994,Secondary 2,Normal (Acad),F,5639
1994,Secondary 2,Normal (Tech),MF,0
1994,Secondary 2,Normal (Tech),F,0
1994,Secondary 2,Special,MF,2873
1994,Secondary 2,Special,F,1428
1994,Secondary 3,Express,MF,21116
1994,Secondary 3,Express,F,10646
1994,Secondary 3,Normal (Acad),MF,13049
1994,Secondary 3,Normal (Acad),F,5740
1994,Secondary 3,Normal (Tech),MF,0
1994,Secondary 3,Normal (Tech),F,0
1994,Secondary 3,Special,MF,2805
1994,Secondary 3,Special,F,1341
1994,Secondary 4,Express,MF,20935
1994,Secondary 4,Express,F,10788
1994,Secondary 4,Normal (Acad),MF,12018
1994,Secondary 4,Normal (Acad),F,5476
1994,Secondary 4,Normal (Tech),MF,0
1994,Secondary 4,Normal (Tech),F,0
1994,Secondary 4,Special,MF,2480
1994,Secondary 4,Special,F,1147
1994,Secondary 5,Normal (Acad),MF,10168
1994,Secondary 5,Normal (Acad),F,4915
1995,Secondary 1,Express,MF,22128
1995,Secondary 1,Express,F,11014
1995,Secondary 1,Normal (Acad),MF,9985
1995,Secondary 1,Normal (Acad),F,4502
1995,Secondary 1,Normal (Tech),MF,7260
1995,Secondary 1,Normal (Tech),F,2757
1995,Secondary 1,Special,MF,4127
1995,Secondary 1,Special,F,2230
1995,Secondary 2,Express,MF,25326
1995,Secondary 2,Express,F,13015
1995,Secondary 2,Normal (Acad),MF,17173
1995,Secondary 2,Normal (Acad),F,7684
1995,Secondary 2,Normal (Tech),MF,7942
1995,Secondary 2,Normal (Tech),F,2819
1995,Secondary 2,Special,MF,3527
1995,Secondary 2,Special,F,1820
1995,Secondary 3,Express,MF,21835
1995,Secondary 3,Express,F,11360
1995,Secondary 3,Normal (Acad),MF,12594
1995,Secondary 3,Normal (Acad),F,5572
1995,Secondary 3,Normal (Tech),MF,0
1995,Secondary 3,Normal (Tech),F,0
1995,Secondary 3,Special,MF,2937
1995,Secondary 3,Special,F,1446
1995,Secondary 4,Express,MF,20670
1995,Secondary 4,Express,F,10524
1995,Secondary 4,Normal (Acad),MF,12815
1995,Secondary 4,Normal (Acad),F,5709
1995,Secondary 4,Normal (Tech),MF,0
1995,Secondary 4,Normal (Tech),F,0
1995,Secondary 4,Special,MF,2753
1995,Secondary 4,Special,F,1331
1995,Secondary 5,Normal (Acad),MF,9910
1995,Secondary 5,Normal (Acad),F,4669
1996,Secondary 1,Express,MF,21273
1996,Secondary 1,Express,F,10625
1996,Secondary 1,Normal (Acad),MF,8917
1996,Secondary 1,Normal (Acad),F,4089
1996,Secondary 1,Normal (Tech),MF,6630
1996,Secondary 1,Normal (Tech),F,2650
1996,Secondary 1,Special,MF,4009
1996,Secondary 1,Special,F,2199
1996,Secondary 2,Express,MF,22287
1996,Secondary 2,Express,F,11180
1996,Secondary 2,Normal (Acad),MF,10591
1996,Secondary 2,Normal (Acad),F,4638
1996,Secondary 2,Normal (Tech),MF,6606
1996,Secondary 2,Normal (Tech),F,2477
1996,Secondary 2,Special,MF,4137
1996,Secondary 2,Special,F,2243
1996,Secondary 3,Express,MF,25495
1996,Secondary 3,Express,F,13141
1996,Secondary 3,Normal (Acad),MF,16739
1996,Secondary 3,Normal (Acad),F,7362
1996,Secondary 3,Normal (Tech),MF,7281
1996,Secondary 3,Normal (Tech),F,2630
1996,Secondary 3,Special,MF,3528
1996,Secondary 3,Special,F,1846
1996,Secondary 4,Express,MF,21217
1996,Secondary 4,Express,F,11083
1996,Secondary 4,Normal (Acad),MF,12075
1996,Secondary 4,Normal (Acad),F,5458
1996,Secondary 4,Normal (Tech),MF,0
1996,Secondary 4,Normal (Tech),F,0
1996,Secondary 4,Special,MF,2782
1996,Secondary 4,Special,F,1437
1996,Secondary 5,Normal (Acad),MF,10333
1996,Secondary 5,Normal (Acad),F,4792
1997,Secondary 1,Express,MF,21316
1997,Secondary 1,Express,F,10531
1997,Secondary 1,Normal (Acad),MF,9354
1997,Secondary 1,Normal (Acad),F,4338
1997,Secondary 1,Normal (Tech),MF,6922
1997,Secondary 1,Normal (Tech),F,2623
1997,Secondary 1,Special,MF,4020
1997,Secondary 1,Special,F,2148
1997,Secondary 2,Express,MF,21569
1997,Secondary 2,Express,F,10822
1997,Secondary 2,Normal (Acad),MF,9429
1997,Secondary 2,Normal (Acad),F,4210
1997,Secondary 2,Normal (Tech),MF,6051
1997,Secondary 2,Normal (Tech),F,2412
1997,Secondary 2,Special,MF,3841
1997,Secondary 2,Special,F,2151
1997,Secondary 3,Express,MF,23370
1997,Secondary 3,Express,F,11645
1997,Secondary 3,Normal (Acad),MF,10889
1997,Secondary 3,Normal (Acad),F,4662
1997,Secondary 3,Normal (Tech),MF,6235
1997,Secondary 3,Normal (Tech),F,2356
1997,Secondary 3,Special,MF,3847
1997,Secondary 3,Special,F,2144
1997,Secondary 4,Express,MF,24349
1997,Secondary 4,Express,F,12695
1997,Secondary 4,Normal (Acad),MF,15877
1997,Secondary 4,Normal (Acad),F,7076
1997,Secondary 4,Normal (Tech),MF,6729
1997,Secondary 4,Normal (Tech),F,2451
1997,Secondary 4,Special,MF,3279
1997,Secondary 4,Special,F,1770
1997,Secondary 5,Normal (Acad),MF,9675
1997,Secondary 5,Normal (Acad),F,4514
1998,Secondary 1,Express,MF,21506
1998,Secondary 1,Express,F,10706
1998,Secondary 1,Normal (Acad),MF,9665
1998,Secondary 1,Normal (Acad),F,4548
1998,Secondary 1,Normal (Tech),MF,6781
1998,Secondary 1,Normal (Tech),F,2729
1998,Secondary 1,Special,MF,4247
1998,Secondary 1,Special,F,2216
1998,Secondary 2,Express,MF,21287
1998,Secondary 2,Express,F,10686
1998,Secondary 2,Normal (Acad),MF,9857
1998,Secondary 2,Normal (Acad),F,4459
1998,Secondary 2,Normal (Tech),MF,6272
1998,Secondary 2,Normal (Tech),F,2349
1998,Secondary 2,Special,MF,4062
1998,Secondary 2,Special,F,2154
1998,Secondary 3,Express,MF,22111
1998,Secondary 3,Express,F,11033
1998,Secondary 3,Normal (Acad),MF,9900
1998,Secondary 3,Normal (Acad),F,4249
1998,Secondary 3,Normal (Tech),MF,5684
1998,Secondary 3,Normal (Tech),F,2242
1998,Secondary 3,Special,MF,3822
1998,Secondary 3,Special,F,2172
1998,Secondary 4,Express,MF,22183
1998,Secondary 4,Express,F,11164
1998,Secondary 4,Normal (Acad),MF,10723
1998,Secondary 4,Normal (Acad),F,4639
1998,Secondary 4,Normal (Tech),MF,5666
1998,Secondary 4,Normal (Tech),F,2170
1998,Secondary 4,Special,MF,3691
1998,Secondary 4,Special,F,2167
1998,Secondary 5,Normal (Acad),MF,10439
1998,Secondary 5,Normal (Acad),F,4872
1999,Secondary 1,Express,MF,19947
1999,Secondary 1,Express,F,9989
1999,Secondary 1,Normal (Acad),MF,8899
1999,Secondary 1,Normal (Acad),F,4103
1999,Secondary 1,Normal (Tech),MF,6277
1999,Secondary 1,Normal (Tech),F,2566
1999,Secondary 1,Special,MF,3748
1999,Secondary 1,Special,F,1987
1999,Secondary 2,Express,MF,21839
1999,Secondary 2,Express,F,11062
1999,Secondary 2,Normal (Acad),MF,10167
1999,Secondary 2,Normal (Acad),F,4681
1999,Secondary 2,Normal (Tech),MF,6255
1999,Secondary 2,Normal (Tech),F,2511
1999,Secondary 2,Special,MF,4150
1999,Secondary 2,Special,F,2139
1999,Secondary 3,Express,MF,22146
1999,Secondary 3,Express,F,11086
1999,Secondary 3,Normal (Acad),MF,10455
1999,Secondary 3,Normal (Acad),F,4584
1999,Secondary 3,Normal (Tech),MF,6003
1999,Secondary 3,Normal (Tech),F,2228
1999,Secondary 3,Special,MF,4302
1999,Secondary 3,Special,F,2295
1999,Secondary 4,Express,MF,21276
1999,Secondary 4,Express,F,10719
1999,Secondary 4,Normal (Acad),MF,9580
1999,Secondary 4,Normal (Acad),F,4213
1999,Secondary 4,Normal (Tech),MF,5328
1999,Secondary 4,Normal (Tech),F,2127
1999,Secondary 4,Special,MF,3659
1999,Secondary 4,Special,F,2117
1999,Secondary 5,Normal (Acad),MF,8228
1999,Secondary 5,Normal (Acad),F,3657
2000,Secondary 1,Express,MF,22585
2000,Secondary 1,Express,F,11301
2000,Secondary 1,Normal (Acad),MF,9855
2000,Secondary 1,Normal (Acad),F,4687
2000,Secondary 1,Normal (Tech),MF,7795
2000,Secondary 1,Normal (Tech),F,3160
2000,Secondary 1,Special,MF,4182
2000,Secondary 1,Special,F,2239
2000,Secondary 2,Express,MF,19939
2000,Secondary 2,Express,F,10126
2000,Secondary 2,Normal (Acad),MF,9472
2000,Secondary 2,Normal (Acad),F,4270
2000,Secondary 2,Normal (Tech),MF,5808
2000,Secondary 2,Normal (Tech),F,2359
2000,Secondary 2,Special,MF,3766
2000,Secondary 2,Special,F,1997
2000,Secondary 3,Express,MF,22573
2000,Secondary 3,Express,F,11353
2000,Secondary 3,Normal (Acad),MF,10609
2000,Secondary 3,Normal (Acad),F,4738
2000,Secondary 3,Normal (Tech),MF,5975
2000,Secondary 3,Normal (Tech),F,2386
2000,Secondary 3,Special,MF,4329
2000,Secondary 3,Special,F,2262
2000,Secondary 4,Express,MF,21299
2000,Secondary 4,Express,F,10797
2000,Secondary 4,Normal (Acad),MF,10058
2000,Secondary 4,Normal (Acad),F,4457
2000,Secondary 4,Normal (Tech),MF,5654
2000,Secondary 4,Normal (Tech),F,2110
2000,Secondary 4,Special,MF,4100
2000,Secondary 4,Special,F,2239
2000,Secondary 5,Normal (Acad),MF,7406
2000,Secondary 5,Normal (Acad),F,3373
2001,Secondary 1,Express,MF,27633
2001,Secondary 1,Express,F,14122
2001,Secondary 1,Normal (Acad),MF,11983
2001,Secondary 1,Normal (Acad),F,5570
2001,Secondary 1,Normal (Tech),MF,8279
2001,Secondary 1,Normal (Tech),F,3211
2001,Secondary 1,Special,MF,5175
2001,Secondary 1,Special,F,2723
2001,Secondary 2,Express,MF,22569
2001,Secondary 2,Express,F,11385
2001,Secondary 2,Normal (Acad),MF,10590
2001,Secondary 2,Normal (Acad),F,4961
2001,Secondary 2,Normal (Tech),MF,7174
2001,Secondary 2,Normal (Tech),F,2860
2001,Secondary 2,Special,MF,4149
2001,Secondary 2,Special,F,2249
2001,Secondary 3,Express,MF,20400
2001,Secondary 3,Express,F,10305
2001,Secondary 3,Normal (Acad),MF,10119
2001,Secondary 3,Normal (Acad),F,4409
2001,Secondary 3,Normal (Tech),MF,5627
2001,Secondary 3,Normal (Tech),F,2273
2001,Secondary 3,Special,MF,3917
2001,Secondary 3,Special,F,2094
2001,Secondary 4,Express,MF,21744
2001,Secondary 4,Express,F,11018
2001,Secondary 4,Normal (Acad),MF,10258
2001,Secondary 4,Normal (Acad),F,4611
2001,Secondary 4,Normal (Tech),MF,5565
2001,Secondary 4,Normal (Tech),F,2218
2001,Secondary 4,Special,MF,4011
2001,Secondary 4,Special,F,2199
2001,Secondary 5,Normal (Acad),MF,7888
2001,Secondary 5,Normal (Acad),F,3685
2002,Secondary 1,Express,MF,26354
2002,Secondary 1,Express,F,13249
2002,Secondary 1,Normal (Acad),MF,10992
2002,Secondary 1,Normal (Acad),F,5173
2002,Secondary 1,Normal (Tech),MF,7466
2002,Secondary 1,Normal (Tech),F,2823
2002,Secondary 1,Special,MF,4469
2002,Secondary 1,Special,F,2362
2002,Secondary 2,Express,MF,27628
2002,Secondary 2,Express,F,14262
2002,Secondary 2,Normal (Acad),MF,12729
2002,Secondary 2,Normal (Acad),F,5812
2002,Secondary 2,Normal (Tech),MF,7783
2002,Secondary 2,Normal (Tech),F,2980
2002,Secondary 2,Special,MF,5071
2002,Secondary 2,Special,F,2681
2002,Secondary 3,Express,MF,23156
2002,Secondary 3,Express,F,11654
2002,Secondary 3,Normal (Acad),MF,11242
2002,Secondary 3,Normal (Acad),F,5109
2002,Secondary 3,Normal (Tech),MF,6902
2002,Secondary 3,Normal (Tech),F,2743
2002,Secondary 3,Special,MF,4229
2002,Secondary 3,Special,F,2300
2002,Secondary 4,Express,MF,19308
2002,Secondary 4,Express,F,9849
2002,Secondary 4,Normal (Acad),MF,9624
2002,Secondary 4,Normal (Acad),F,4253
2002,Secondary 4,Normal (Tech),MF,5303
2002,Secondary 4,Normal (Tech),F,2152
2002,Secondary 4,Special,MF,3614
2002,Secondary 4,Special,F,2015
2002,Secondary 5,Normal (Acad),MF,8132
2002,Secondary 5,Normal (Acad),F,3862
2003,Secondary 1,Express,MF,28286
2003,Secondary 1,Express,F,14450
2003,Secondary 1,Normal (Acad),MF,12534
2003,Secondary 1,Normal (Acad),F,5814
2003,Secondary 1,Normal (Tech),MF,6599
2003,Secondary 1,Normal (Tech),F,2311
2003,Secondary 1,Special,MF,4565
2003,Secondary 1,Special,F,2473
2003,Secondary 2,Express,MF,26029
2003,Secondary 2,Express,F,13223
2003,Secondary 2,Normal (Acad),MF,11747
2003,Secondary 2,Normal (Acad),F,5447
2003,Secondary 2,Normal (Tech),MF,7151
2003,Secondary 2,Normal (Tech),F,2661
2003,Secondary 2,Special,MF,4408
2003,Secondary 2,Special,F,2372
2003,Secondary 3,Express,MF,28325
2003,Secondary 3,Express,F,14578
2003,Secondary 3,Normal (Acad),MF,13572
2003,Secondary 3,Normal (Acad),F,6000
2003,Secondary 3,Normal (Tech),MF,7574
2003,Secondary 3,Normal (Tech),F,2905
2003,Secondary 3,Special,MF,5137
2003,Secondary 3,Special,F,2769
2003,Secondary 4,Express,MF,22140
2003,Secondary 4,Express,F,11232
2003,Secondary 4,Normal (Acad),MF,10610
2003,Secondary 4,Normal (Acad),F,4890
2003,Secondary 4,Normal (Tech),MF,6502
2003,Secondary 4,Normal (Tech),F,2591
2003,Secondary 4,Special,MF,3955
2003,Secondary 4,Special,F,2241
2003,Secondary 5,Normal (Acad),MF,7292
2003,Secondary 5,Normal (Acad),F,3411
2004,Secondary 1,Express,MF,26856
2004,Secondary 1,Express,F,13695
2004,Secondary 1,Normal (Acad),MF,11596
2004,Secondary 1,Normal (Acad),F,5269
2004,Secondary 1,Normal (Tech),MF,7310
2004,Secondary 1,Normal (Tech),F,2801
2004,Secondary 1,Special,MF,4696
2004,Secondary 1,Special,F,2699
2004,Secondary 2,Express,MF,28001
2004,Secondary 2,Express,F,14486
2004,Secondary 2,Normal (Acad),MF,13257
2004,Secondary 2,Normal (Acad),F,6008
2004,Secondary 2,Normal (Tech),MF,6325
2004,Secondary 2,Normal (Tech),F,2195
2004,Secondary 2,Special,MF,4541
2004,Secondary 2,Special,F,2491
2004,Secondary 3,Express,MF,26538
2004,Secondary 3,Express,F,13492
2004,Secondary 3,Normal (Acad),MF,12941
2004,Secondary 3,Normal (Acad),F,5779
2004,Secondary 3,Normal (Tech),MF,6893
2004,Secondary 3,Normal (Tech),F,2559
2004,Secondary 3,Special,MF,4638
2004,Secondary 3,Special,F,2512
2004,Secondary 4,Express,MF,27285
2004,Secondary 4,Express,F,14170
2004,Secondary 4,Normal (Acad),MF,12636
2004,Secondary 4,Normal (Acad),F,5665
2004,Secondary 4,Normal (Tech),MF,7239
2004,Secondary 4,Normal (Tech),F,2760
2004,Secondary 4,Special,MF,4688
2004,Secondary 4,Special,F,2613
2004,Secondary 5,Normal (Acad),MF,8094
2004,Secondary 5,Normal (Acad),F,3942
2005,Secondary 1,Express,MF,26514
2005,Secondary 1,Express,F,13500
2005,Secondary 1,Normal (Acad),MF,12468
2005,Secondary 1,Normal (Acad),F,5836
2005,Secondary 1,Normal (Tech),MF,6869
2005,Secondary 1,Normal (Tech),F,2494
2005,Secondary 1,Special,MF,4379
2005,Secondary 1,Special,F,2479
2005,Secondary 2,Express,MF,26768
2005,Secondary 2,Express,F,13754
2005,Secondary 2,Normal (Acad),MF,12357
2005,Secondary 2,Normal (Acad),F,5554
2005,Secondary 2,Normal (Tech),MF,6986
2005,Secondary 2,Normal (Tech),F,2637
2005,Secondary 2,Special,MF,4745
2005,Secondary 2,Special,F,2749
2005,Secondary 3,Express,MF,28493
2005,Secondary 3,Express,F,14779
2005,Secondary 3,Normal (Acad),MF,14329
2005,Secondary 3,Normal (Acad),F,6359
2005,Secondary 3,Normal (Tech),MF,6093
2005,Secondary 3,Normal (Tech),F,2097
2005,Secondary 3,Special,MF,4995
2005,Secondary 3,Special,F,2733
2005,Secondary 4,Express,MF,25542
2005,Secondary 4,Express,F,13031
2005,Secondary 4,Normal (Acad),MF,12014
2005,Secondary 4,Normal (Acad),F,5412
2005,Secondary 4,Normal (Tech),MF,6536
2005,Secondary 4,Normal (Tech),F,2433
2005,Secondary 4,Special,MF,4370
2005,Secondary 4,Special,F,2433
2005,Secondary 5,Normal (Acad),MF,9605
2005,Secondary 5,Normal (Acad),F,4535
2006,Secondary 1,Express,MF,26973
2006,Secondary 1,Express,F,13850
2006,Secondary 1,Normal (Acad),MF,12419
2006,Secondary 1,Normal (Acad),F,5746
2006,Secondary 1,Normal (Tech),MF,7118
2006,Secondary 1,Normal (Tech),F,2619
2006,Secondary 1,Special,MF,4262
2006,Secondary 1,Special,F,2324
2006,Secondary 2,Express,MF,26747
2006,Secondary 2,Express,F,13707
2006,Secondary 2,Normal (Acad),MF,13191
2006,Secondary 2,Normal (Acad),F,6043
2006,Secondary 2,Normal (Tech),MF,6553
2006,Secondary 2,Normal (Tech),F,2365
2006,Secondary 2,Special,MF,4316
2006,Secondary 2,Special,F,2475
2006,Secondary 3,Express,MF,27541
2006,Secondary 3,Express,F,14121
2006,Secondary 3,Normal (Acad),MF,13557
2006,Secondary 3,Normal (Acad),F,5956
2006,Secondary 3,Normal (Tech),MF,6774
2006,Secondary 3,Normal (Tech),F,2519
2006,Secondary 3,Special,MF,5155
2006,Secondary 3,Special,F,2934
2006,Secondary 4,Express,MF,27503
2006,Secondary 4,Express,F,14358
2006,Secondary 4,Normal (Acad),MF,13377
2006,Secondary 4,Normal (Acad),F,5992
2006,Secondary 4,Normal (Tech),MF,5819
2006,Secondary 4,Normal (Tech),F,1998
2006,Secondary 4,Special,MF,4764
2006,Secondary 4,Special,F,2670
2006,Secondary 5,Normal (Acad),MF,9028
2006,Secondary 5,Normal (Acad),F,4289
2007,Secondary 1,Express,MF,27396
2007,Secondary 1,Express,F,13892
2007,Secondary 1,Normal (Acad),MF,11981
2007,Secondary 1,Normal (Acad),F,5640
2007,Secondary 1,Normal (Tech),MF,7072
2007,Secondary 1,Normal (Tech),F,2593
2007,Secondary 1,Special,MF,4238
2007,Secondary 1,Special,F,2380
2007,Secondary 2,Express,MF,27473
2007,Secondary 2,Express,F,14201
2007,Secondary 2,Normal (Acad),MF,13282
2007,Secondary 2,Normal (Acad),F,6059
2007,Secondary 2,Normal (Tech),MF,6994
2007,Secondary 2,Normal (Tech),F,2530
2007,Secondary 2,Special,MF,4277
2007,Secondary 2,Special,F,2346
2007,Secondary 3,Express,MF,27856
2007,Secondary 3,Express,F,14281
2007,Secondary 3,Normal (Acad),MF,14386
2007,Secondary 3,Normal (Acad),F,6386
2007,Secondary 3,Normal (Tech),MF,6600
2007,Secondary 3,Normal (Tech),F,2364
2007,Secondary 3,Special,MF,4818
2007,Secondary 3,Special,F,2698
2007,Secondary 4,Express,MF,26771
2007,Secondary 4,Express,F,13840
2007,Secondary 4,Normal (Acad),MF,13072
2007,Secondary 4,Normal (Acad),F,5819
2007,Secondary 4,Normal (Tech),MF,6788
2007,Secondary 4,Normal (Tech),F,2503
2007,Secondary 4,Special,MF,4894
2007,Secondary 4,Special,F,2821
2007,Secondary 5,Normal (Acad),MF,10164
2007,Secondary 5,Normal (Acad),F,4781
2008,Secondary 1,Express,MF,30873
2008,Secondary 1,Express,F,15958
2008,Secondary 1,Normal (Acad),MF,12811
2008,Secondary 1,Normal (Acad),F,5956
2008,Secondary 1,Normal (Tech),MF,6530
2008,Secondary 1,Normal (Tech),F,2210
2008,Secondary 1,Special,MF,0
2008,Secondary 1,Special,F,0
2008,Secondary 2,Express,MF,27781
2008,Secondary 2,Express,F,14251
2008,Secondary 2,Normal (Acad),MF,12879
2008,Secondary 2,Normal (Acad),F,5976
2008,Secondary 2,Normal (Tech),MF,7014
2008,Secondary 2,Normal (Tech),F,2518
2008,Secondary 2,Special,MF,4156
2008,Secondary 2,Special,F,2349
2008,Secondary 3,Express,MF,28456
2008,Secondary 3,Express,F,14743
2008,Secondary 3,Normal (Acad),MF,14481
2008,Secondary 3,Normal (Acad),F,6373
2008,Secondary 3,Normal (Tech),MF,6869
2008,Secondary 3,Normal (Tech),F,2478
2008,Secondary 3,Special,MF,4751
2008,Secondary 3,Special,F,2574
2008,Secondary 4,Express,MF,26648
2008,Secondary 4,Express,F,13795
2008,Secondary 4,Normal (Acad),MF,13333
2008,Secondary 4,Normal (Acad),F,5994
2008,Secondary 4,Normal (Tech),MF,6309
2008,Secondary 4,Normal (Tech),F,2239
2008,Secondary 4,Special,MF,4629
2008,Secondary 4,Special,F,2647
2008,Secondary 5,Normal (Acad),MF,9561
2008,Secondary 5,Normal (Acad),F,4604
2009,Secondary 1,Express,MF,30808
2009,Secondary 1,Express,F,15882
2009,Secondary 1,Normal (Acad),MF,12489
2009,Secondary 1,Normal (Acad),F,5811
2009,Secondary 1,Normal (Tech),MF,6786
2009,Secondary 1,Normal (Tech),F,2384
2009,Secondary 1,Special,MF,0
2009,Secondary 1,Special,F,0
2009,Secondary 2,Express,MF,31159
2009,Secondary 2,Express,F,16222
2009,Secondary 2,Normal (Acad),MF,13445
2009,Secondary 2,Normal (Acad),F,6143
2009,Secondary 2,Normal (Tech),MF,6439
2009,Secondary 2,Normal (Tech),F,2172
2009,Secondary 2,Special,MF,0
2009,Secondary 2,Special,F,0
2009,Secondary 3,Express,MF,28959
2009,Secondary 3,Express,F,14919
2009,Secondary 3,Normal (Acad),MF,13932
2009,Secondary 3,Normal (Acad),F,6214
2009,Secondary 3,Normal (Tech),MF,6923
2009,Secondary 3,Normal (Tech),F,2461
2009,Secondary 3,Special,MF,4626
2009,Secondary 3,Special,F,2572
2009,Secondary 4,Express,MF,27488
2009,Secondary 4,Express,F,14378
2009,Secondary 4,Normal (Acad),MF,13479
2009,Secondary 4,Normal (Acad),F,6052
2009,Secondary 4,Normal (Tech),MF,6684
2009,Secondary 4,Normal (Tech),F,2410
2009,Secondary 4,Special,MF,4535
2009,Secondary 4,Special,F,2468
2009,Secondary 5,Normal (Acad),MF,9478
2009,Secondary 5,Normal (Acad),F,4538
2010,Secondary 1,Express,MF,29785
2010,Secondary 1,Express,F,15417
2010,Secondary 1,Normal (Acad),MF,12394
2010,Secondary 1,Normal (Acad),F,5832
2010,Secondary 1,Normal (Tech),MF,6491
2010,Secondary 1,Normal (Tech),F,2260
2010,Secondary 1,Special,MF,0
2010,Secondary 1,Special,F,0
2010,Secondary 2,Express,MF,31296
2010,Secondary 2,Express,F,16230
2010,Secondary 2,Normal (Acad),MF,12978
2010,Secondary 2,Normal (Acad),F,6023
2010,Secondary 2,Normal (Tech),MF,6661
2010,Secondary 2,Normal (Tech),F,2285
2010,Secondary 2,Special,MF,0
2010,Secondary 2,Special,F,0
2010,Secondary 3,Express,MF,32933
2010,Secondary 3,Express,F,17140
2010,Secondary 3,Normal (Acad),MF,14048
2010,Secondary 3,Normal (Acad),F,6287
2010,Secondary 3,Normal (Tech),MF,6197
2010,Secondary 3,Normal (Tech),F,2047
2010,Secondary 3,Special,MF,0
2010,Secondary 3,Special,F,0
2010,Secondary 4,Express,MF,28356
2010,Secondary 4,Express,F,14509
2010,Secondary 4,Normal (Acad),MF,13003
2010,Secondary 4,Normal (Acad),F,5931
2010,Secondary 4,Normal (Tech),MF,6661
2010,Secondary 4,Normal (Tech),F,2353
2010,Secondary 4,Special,MF,4053
2010,Secondary 4,Special,F,2498
2010,Secondary 5,Normal (Acad),MF,9532
2010,Secondary 5,Normal (Acad),F,4467
2011,Secondary 1,Express,MF,27732
2011,Secondary 1,Express,F,14240
2011,Secondary 1,Normal (Acad),MF,11436
2011,Secondary 1,Normal (Acad),F,5475
2011,Secondary 1,Normal (Tech),MF,6045
2011,Secondary 1,Normal (Tech),F,2172
2011,Secondary 1,Special,MF,0
2011,Secondary 1,Special,F,0
2011,Secondary 2,Express,MF,30226
2011,Secondary 2,Express,F,15746
2011,Secondary 2,Normal (Acad),MF,12882
2011,Secondary 2,Normal (Acad),F,5984
2011,Secondary 2,Normal (Tech),MF,6248
2011,Secondary 2,Normal (Tech),F,2146
2011,Secondary 2,Special,MF,0
2011,Secondary 2,Special,F,0
2011,Secondary 3,Express,MF,32869
2011,Secondary 3,Express,F,17069
2011,Secondary 3,Normal (Acad),MF,13579
2011,Secondary 3,Normal (Acad),F,6151
2011,Secondary 3,Normal (Tech),MF,6513
2011,Secondary 3,Normal (Tech),F,2215
2011,Secondary 3,Special,MF,0
2011,Secondary 3,Special,F,0
2011,Secondary 4,Express,MF,31984
2011,Secondary 4,Express,F,16760
2011,Secondary 4,Normal (Acad),MF,13307
2011,Secondary 4,Normal (Acad),F,6016
2011,Secondary 4,Normal (Tech),MF,5972
2011,Secondary 4,Normal (Tech),F,1960
2011,Secondary 4,Special,MF,0
2011,Secondary 4,Special,F,0
2011,Secondary 5,Normal (Acad),MF,9181
2011,Secondary 5,Normal (Acad),F,4412
2012,Secondary 1,Express,MF,27293
2012,Secondary 1,Express,F,13803
2012,Secondary 1,Normal (Acad),MF,11848
2012,Secondary 1,Normal (Acad),F,5636
2012,Secondary 1,Normal (Tech),MF,6057
2012,Secondary 1,Normal (Tech),F,2289
2012,Secondary 1,Special,MF,0
2012,Secondary 1,Special,F,0
2012,Secondary 2,Express,MF,28038
2012,Secondary 2,Express,F,14507
2012,Secondary 2,Normal (Acad),MF,11825
2012,Secondary 2,Normal (Acad),F,5551
2012,Secondary 2,Normal (Tech),MF,5842
2012,Secondary 2,Normal (Tech),F,2071
2012,Secondary 2,Special,MF,0
2012,Secondary 2,Special,F,0
2012,Secondary 3,Express,MF,31387
2012,Secondary 3,Express,F,16378
2012,Secondary 3,Normal (Acad),MF,13324
2012,Secondary 3,Normal (Acad),F,6083
2012,Secondary 3,Normal (Tech),MF,6084
2012,Secondary 3,Normal (Tech),F,2069
2012,Secondary 3,Special,MF,0
2012,Secondary 3,Special,F,0
2012,Secondary 4,Express,MF,32011
2012,Secondary 4,Express,F,16717
2012,Secondary 4,Normal (Acad),MF,13084
2012,Secondary 4,Normal (Acad),F,5991
2012,Secondary 4,Normal (Tech),MF,6230
2012,Secondary 4,Normal (Tech),F,2099
2012,Secondary 4,Special,MF,0
2012,Secondary 4,Special,F,0
2012,Secondary 5,Normal (Acad),MF,9497
2012,Secondary 5,Normal (Acad),F,4529
2013,Secondary 1,Express,MF,28870
2013,Secondary 1,Express,F,14802
2013,Secondary 1,Normal (Acad),MF,12747
2013,Secondary 1,Normal (Acad),F,5955
2013,Secondary 1,Normal (Tech),MF,6477
2013,Secondary 1,Normal (Tech),F,2346
2013,Secondary 1,Special,MF,0
2013,Secondary 1,Special,F,0
2013,Secondary 2,Express,MF,27671
2013,Secondary 2,Express,F,14077
2013,Secondary 2,Normal (Acad),MF,12132
2013,Secondary 2,Normal (Acad),F,5695
2013,Secondary 2,Normal (Tech),MF,5745
2013,Secondary 2,Normal (Tech),F,2095
2013,Secondary 2,Special,MF,0
2013,Secondary 2,Special,F,0
2013,Secondary 3,Express,MF,28897
2013,Secondary 3,Express,F,15016
2013,Secondary 3,Normal (Acad),MF,12144
2013,Secondary 3,Normal (Acad),F,5554
2013,Secondary 3,Normal (Tech),MF,5674
2013,Secondary 3,Normal (Tech),F,1992
2013,Secondary 3,Special,MF,0
2013,Secondary 3,Special,F,0
2013,Secondary 4,Express,MF,30585
2013,Secondary 4,Express,F,16045
2013,Secondary 4,Normal (Acad),MF,12776
2013,Secondary 4,Normal (Acad),F,5862
2013,Secondary 4,Normal (Tech),MF,5829
2013,Secondary 4,Normal (Tech),F,1975
2013,Secondary 4,Special,MF,0
2013,Secondary 4,Special,F,0
2013,Secondary 5,Normal (Acad),MF,7618
2013,Secondary 5,Normal (Acad),F,3803
2014,Secondary 1,Express,MF,27490
2014,Secondary 1,Express,F,13963
2014,Secondary 1,Normal (Acad),MF,9873
2014,Secondary 1,Normal (Acad),F,4713
2014,Secondary 1,Normal (Tech),MF,5606
2014,Secondary 1,Normal (Tech),F,2080
2014,Secondary 1,Special,MF,0
2014,Secondary 1,Special,F,0
2014,Secondary 2,Express,MF,29241
2014,Secondary 2,Express,F,15071
2014,Secondary 2,Normal (Acad),MF,12973
2014,Secondary 2,Normal (Acad),F,5988
2014,Secondary 2,Normal (Tech),MF,6114
2014,Secondary 2,Normal (Tech),F,2169
2014,Secondary 2,Special,MF,0
2014,Secondary 2,Special,F,0
2014,Secondary 3,Express,MF,28619
2014,Secondary 3,Express,F,14607
2014,Secondary 3,Normal (Acad),MF,12447
2014,Secondary 3,Normal (Acad),F,5698
2014,Secondary 3,Normal (Tech),MF,5646
2014,Secondary 3,Normal (Tech),F,2029
2014,Secondary 3,Special,MF,0
2014,Secondary 3,Special,F,0
2014,Secondary 4,Express,MF,28293
2014,Secondary 4,Express,F,14781
2014,Secondary 4,Normal (Acad),MF,11446
2014,Secondary 4,Normal (Acad),F,5292
2014,Secondary 4,Normal (Tech),MF,5444
2014,Secondary 4,Normal (Tech),F,1903
2014,Secondary 4,Special,MF,0
2014,Secondary 4,Special,F,0
2014,Secondary 5,Normal (Acad),MF,6915
2014,Secondary 5,Normal (Acad),F,3370
2015,Secondary 1,Express,MF,26736
2015,Secondary 1,Express,F,13841
2015,Secondary 1,Normal (Acad),MF,9972
2015,Secondary 1,Normal (Acad),F,4556
2015,Secondary 1,Normal (Tech),MF,5509
2015,Secondary 1,Normal (Tech),F,2191
2015,Secondary 1,Special,MF,0
2015,Secondary 1,Special,F,0
2015,Secondary 2,Express,MF,27719
2015,Secondary 2,Express,F,14155
2015,Secondary 2,Normal (Acad),MF,10141
2015,Secondary 2,Normal (Acad),F,4791
2015,Secondary 2,Normal (Tech),MF,5396
2015,Secondary 2,Normal (Tech),F,1947
2015,Secondary 2,Special,MF,0
2015,Secondary 2,Special,F,0
2015,Secondary 3,Express,MF,30007
2015,Secondary 3,Express,F,15530
2015,Secondary 3,Normal (Acad),MF,13222
2015,Secondary 3,Normal (Acad),F,5927
2015,Secondary 3,Normal (Tech),MF,5973
2015,Secondary 3,Normal (Tech),F,2098
2015,Secondary 3,Special,MF,0
2015,Secondary 3,Special,F,0
2015,Secondary 4,Express,MF,28115
2015,Secondary 4,Express,F,14411
2015,Secondary 4,Normal (Acad),MF,11784
2015,Secondary 4,Normal (Acad),F,5436
2015,Secondary 4,Normal (Tech),MF,5514
2015,Secondary 4,Normal (Tech),F,1966
2015,Secondary 4,Special,MF,0
2015,Secondary 4,Special,F,0
2015,Secondary 5,Normal (Acad),MF,5948
2015,Secondary 5,Normal (Acad),F,2939
2016,Secondary 1,Express,MF,24613
2016,Secondary 1,Express,F,12568
2016,Secondary 1,Normal (Acad),MF,10033
2016,Secondary 1,Normal (Acad),F,4795
2016,Secondary 1,Normal (Tech),MF,4904
2016,Secondary 1,Normal (Tech),F,1899
2016,Secondary 1,Special,MF,0
2016,Secondary 1,Special,F,0
2016,Secondary 2,Express,MF,26976
2016,Secondary 2,Express,F,14020
2016,Secondary 2,Normal (Acad),MF,10248
2016,Secondary 2,Normal (Acad),F,4651
2016,Secondary 2,Normal (Tech),MF,5253
2016,Secondary 2,Normal (Tech),F,2031
2016,Secondary 2,Special,MF,0
2016,Secondary 2,Special,F,0
2016,Secondary 3,Express,MF,28387
2016,Secondary 3,Express,F,14519
2016,Secondary 3,Normal (Acad),MF,10614
2016,Secondary 3,Normal (Acad),F,4870
2016,Secondary 3,Normal (Tech),MF,5249
2016,Secondary 3,Normal (Tech),F,1855
2016,Secondary 3,Special,MF,0
2016,Secondary 3,Special,F,0
2016,Secondary 4,Express,MF,29444
2016,Secondary 4,Express,F,15311
2016,Secondary 4,Normal (Acad),MF,12533
2016,Secondary 4,Normal (Acad),F,5694
2016,Secondary 4,Normal (Tech),MF,5892
2016,Secondary 4,Normal (Tech),F,2074
2016,Secondary 4,Special,MF,0
2016,Secondary 4,Special,F,0
2016,Secondary 5,Normal (Acad),MF,5854
2016,Secondary 5,Normal (Acad),F,2963
2017,Secondary 1,Express,MF,24475
2017,Secondary 1,Express,F,12471
2017,Secondary 1,Normal (Acad),MF,9559
2017,Secondary 1,Normal (Acad),F,4576
2017,Secondary 1,Normal (Tech),MF,4948
2017,Secondary 1,Normal (Tech),F,1859
2017,Secondary 1,Special,MF,0
2017,Secondary 1,Special,F,0
2017,Secondary 2,Express,MF,24915
2017,Secondary 2,Express,F,12760
2017,Secondary 2,Normal (Acad),MF,10170
2017,Secondary 2,Normal (Acad),F,4808
2017,Secondary 2,Normal (Tech),MF,4649
2017,Secondary 2,Normal (Tech),F,1767
2017,Secondary 2,Special,MF,0
2017,Secondary 2,Special,F,0
2017,Secondary 3,Express,MF,27750
2017,Secondary 3,Express,F,14399
2017,Secondary 3,Normal (Acad),MF,10504
2017,Secondary 3,Normal (Acad),F,4654
2017,Secondary 3,Normal (Tech),MF,5155
2017,Secondary 3,Normal (Tech),F,1964
2017,Secondary 3,Special,MF,0
2017,Secondary 3,Special,F,0
2017,Secondary 4,Express,MF,27780
2017,Secondary 4,Express,F,14311
2017,Secondary 4,Normal (Acad),MF,10093
2017,Secondary 4,Normal (Acad),F,4673
2017,Secondary 4,Normal (Tech),MF,5158
2017,Secondary 4,Normal (Tech),F,1831
2017,Secondary 4,Special,MF,0
2017,Secondary 4,Special,F,0
2017,Secondary 5,Normal (Acad),MF,6264
2017,Secondary 5,Normal (Acad),F,2995
2018,Secondary 1,Normal (Tech),MF,4991
2018,Secondary 1,Normal (Tech),F,1914
2018,Secondary 1,Normal (Acad),MF,9663
2018,Secondary 1,Normal (Acad),F,4575
2018,Secondary 1,Express,MF,24432
2018,Secondary 1,Express,F,12575
2018,Secondary 2,Normal (Tech),MF,4675
2018,Secondary 2,Normal (Tech),F,1695
2018,Secondary 2,Normal (Acad),MF,9710
2018,Secondary 2,Normal (Acad),F,4584
2018,Secondary 2,Express,MF,24645
2018,Secondary 2,Express,F,12599
2018,Secondary 3,Normal (Tech),MF,4535
2018,Secondary 3,Normal (Tech),F,1724
2018,Secondary 3,Normal (Acad),MF,10378
2018,Secondary 3,Normal (Acad),F,4816
2018,Secondary 3,Express,MF,25619
2018,Secondary 3,Express,F,13121
2018,Secondary 4,Normal (Tech),MF,5086
2018,Secondary 4,Normal (Tech),F,1932
2018,Secondary 4,Normal (Acad),MF,9979
2018,Secondary 4,Normal (Acad),F,4454
2018,Secondary 4,Express,MF,27173
2018,Secondary 4,Express,F,14149
2018,Secondary 5,Normal (Acad),MF,4461
2018,Secondary 5,Normal (Acad),F,2202
